{
    "$schema": "https://schema.management.azure.com/schemas/2015-01-01/deploymentParameters.json#",
    "contentVersion": "1.0.0.0",
    "parameters": {
        "vulnerabilityAssessments_Default_storageContainerPath": {
            "value": null
        },
        "storageAccounts_tysstorage17_name": {
            "value": null
        },
        "workspaces_tokyo_olympic_sa12_name": {
            "value": null
        },
        "workspaces_tokyo_olympics_db_name": {
            "value": null
        },
        "vaults_tokyo_olympics_keyvault2_name": {
            "value": null
        },
        "workspaces_tokyo_olympics_db_west_name": {
            "value": null
        }
    }
}